{
  "users": {
    "919366316018@s.whatsapp.net": {
      "serialNumber": "5748ef2731f9b0ab993964d915670166",
      "title": "Premium",
      "afkTime": -1,
      "badword": 0,
      "afkReason": "",
      "nick": "Hui",
      "premium": false,
      "limit": 1000,
      "totalLimit": 0
    },
    "916909137213@s.whatsapp.net": {
      "serialNumber": "51b5bea707a330943f3f5622ddccf7b8",
      "title": "Premium",
      "afkTime": -1,
      "badword": 0,
      "afkReason": "",
      "nick": "+91 69091 37213",
      "premium": "true",
      "limit": 1000,
      "totalLimit": 0
    },
    "919402104403@s.whatsapp.net": {
      "serialNumber": "42d9404996157ee8f33424778fed1808",
      "title": "Premium",
      "afkTime": -1,
      "badword": 0,
      "afkReason": "",
      "nick": "+91 94021 04403",
      "premium": "true",
      "limit": 1000,
      "totalLimit": 0
    },
    "919485490229@s.whatsapp.net": {
      "serialNumber": "b9cafccdf830015fbc7e39f1e3eda9f1",
      "title": "Premium",
      "afkTime": -1,
      "badword": 0,
      "afkReason": "",
      "nick": "+91 94854 90229",
      "premium": "true",
      "limit": 1000,
      "totalLimit": 0
    },
    "919863061187@s.whatsapp.net": {
      "serialNumber": "abd166c4c2f50a0cacf11384665e6029",
      "title": "User",
      "afkTime": -1,
      "badword": 0,
      "afkReason": "",
      "nick": "🎀🐰",
      "premium": "false",
      "limit": 100,
      "totalLimit": 0
    },
    "918798190868@s.whatsapp.net": {
      "serialNumber": "050293a020d7d4b3983ef6f1f2956e16",
      "title": "User",
      "afkTime": -1,
      "badword": 0,
      "afkReason": "",
      "nick": "chakmasurjyodhan",
      "premium": "false",
      "limit": 100,
      "totalLimit": 0
    },
    "918798610640@s.whatsapp.net": {
      "serialNumber": "973d5dbd2e0592ef1bc2bec6f29a3007",
      "title": "User",
      "afkTime": -1,
      "badword": 0,
      "afkReason": "",
      "nick": "Angel",
      "premium": "false",
      "limit": 100,
      "totalLimit": 0
    },
    "916297175943@s.whatsapp.net": {
      "serialNumber": "b72a3be037e372fc3de699f6cd455f49",
      "title": "User",
      "afkTime": -1,
      "badword": 0,
      "afkReason": "",
      "nick": "Kai?",
      "premium": "false",
      "limit": 100,
      "totalLimit": 0
    },
    "918927828445@s.whatsapp.net": {
      "serialNumber": "8ac318d64a14a0698c7c018c22aeeece",
      "title": "User",
      "afkTime": -1,
      "badword": 0,
      "afkReason": "",
      "nick": "꧁༒~Aryan Chatterjee~༒꧂",
      "premium": false,
      "limit": 100,
      "totalLimit": 0
    },
    "917085760579@s.whatsapp.net": {
      "serialNumber": "1653e2ca4fc57013e3588b9ed3ddcc25",
      "title": "User",
      "afkTime": -1,
      "badword": 0,
      "afkReason": "",
      "nick": "Tulica",
      "premium": false,
      "limit": 100,
      "totalLimit": 0
    },
    "6283198768866@s.whatsapp.net": {
      "serialNumber": "7b6775fca89c93e78c495552de00408c",
      "title": "Premium",
      "afkTime": -1,
      "badword": 0,
      "afkReason": "",
      "nick": "const Lorenzo = require('Lorenzxz')",
      "premium": "true",
      "limit": 1000,
      "totalLimit": 0
    },
    "6283825536262@s.whatsapp.net": {
      "serialNumber": "6c05b7c2c193e613c3e8254a33e76558",
      "title": "Premium",
      "afkTime": -1,
      "badword": 0,
      "afkReason": "",
      "nick": "include",
      "premium": "true",
      "limit": 1000,
      "totalLimit": 0
    },
    "6283171043979@s.whatsapp.net": {
      "serialNumber": "dce8f5ec9097cdcbd3b52383f1df1564",
      "title": "User",
      "afkTime": -1,
      "badword": 0,
      "afkReason": "",
      "nick": "Sanzmd",
      "premium": false,
      "limit": 100,
      "totalLimit": 0
    },
    "6285815812015@s.whatsapp.net": {
      "serialNumber": "9f734d2ad98aca8f332111c609b4c1b9",
      "title": "User",
      "afkTime": -1,
      "badword": 0,
      "afkReason": "",
      "nick": "alpha",
      "premium": "false",
      "limit": 100,
      "totalLimit": 0
    },
    "6287892112670@s.whatsapp.net": {
      "serialNumber": "29fc4170a7965b4da36808def373dc8f",
      "title": "User",
      "afkTime": -1,
      "badword": 0,
      "afkReason": "",
      "nick": "Kepin",
      "premium": "false",
      "limit": 100,
      "totalLimit": 0
    },
    "6281225179060@s.whatsapp.net": {
      "serialNumber": "effc008417164e4bda2c801d4729af76",
      "title": "User",
      "afkTime": -1,
      "badword": 0,
      "afkReason": "",
      "nick": "console.log(\"fahri\");",
      "premium": false,
      "limit": 100,
      "totalLimit": 0
    },
    "6285691304150@s.whatsapp.net": {
      "serialNumber": "7724b4bbed3b905f49f2989f0ac2e948",
      "title": "User",
      "afkTime": -1,
      "badword": 0,
      "afkReason": "",
      "nick": "Rioo?",
      "premium": false,
      "limit": 100,
      "totalLimit": 0
    },
    "6287754463465@s.whatsapp.net": {
      "serialNumber": "f4f6416a166987a2eddadf3c7f9f5e95",
      "title": "User",
      "afkTime": -1,
      "badword": 0,
      "afkReason": "",
      "nick": "ᅠ ᅠ ᅠ  ᅠ ᅠ  ᅠ ᅠ ᅠ ᅠᅠ ᅠ ᅠ  ᅠ ᅠ  ᅠ ᅠ ᅠ ᅠᅠ ᅠ ᅠ  ᅠ ᅠ  ᅠ ᅠ ᅠ ᅠᅠ ᅠ ᅠ  ᅠ ᅠ OFFLINE",
      "premium": false,
      "limit": 100,
      "totalLimit": 0
    },
    "6285850213046@s.whatsapp.net": {
      "serialNumber": "2f40b77f9d86a3c2a9dcf55490edf46b",
      "title": "User",
      "afkTime": -1,
      "badword": 0,
      "afkReason": "",
      "nick": "Z For Zanspiw",
      "premium": false,
      "limit": 100,
      "totalLimit": 0
    },
    "6283830003372@s.whatsapp.net": {
      "serialNumber": "987189ccb7770599e3de8b48323cc9ce",
      "title": "User",
      "afkTime": -1,
      "badword": 0,
      "afkReason": "",
      "nick": "- ly",
      "premium": false,
      "limit": 100,
      "totalLimit": 0
    },
    "6283101191009@s.whatsapp.net": {
      "serialNumber": "7644b3ae72d9be18477efb920e2d8d9d",
      "title": "User",
      "afkTime": -1,
      "badword": 0,
      "afkReason": "",
      "nick": "RULZ",
      "premium": false,
      "limit": 100,
      "totalLimit": 0
    },
    "6285607265790@s.whatsapp.net": {
      "serialNumber": "e0a556b6d8f7be5a11c1be7a7efa9a5d",
      "title": "User",
      "afkTime": -1,
      "badword": 0,
      "afkReason": "",
      "nick": "ZannCvz",
      "premium": "false",
      "limit": 100,
      "totalLimit": 0
    },
    "6285813708397@s.whatsapp.net": {
      "serialNumber": "bcfd7d7dbff9f3e514583d3bfc055be1",
      "title": "User",
      "afkTime": -1,
      "badword": 0,
      "afkReason": "",
      "nick": "let Name = 'FallZx', console.log = {  ('nama saya adalah ${Name}')}",
      "premium": false,
      "limit": 100,
      "totalLimit": 0
    },
    "62882008756433@s.whatsapp.net": {
      "serialNumber": "9a9d202ee3419aef65050a1bdb60d713",
      "title": "Premium",
      "afkTime": -1,
      "badword": 0,
      "afkReason": "",
      "nick": "Oline Manuel",
      "premium": "true",
      "limit": 1000,
      "totalLimit": 0
    },
    "6285648129805@s.whatsapp.net": {
      "serialNumber": "ce155191430dd8a6a38af8a751319c7b",
      "title": "User",
      "afkTime": -1,
      "badword": 0,
      "afkReason": "",
      "nick": "lyy`🎧🎶",
      "premium": false,
      "limit": 100,
      "totalLimit": 0
    },
    "6282213536526@s.whatsapp.net": {
      "serialNumber": "eda0c7fe6989d691d9e46b10e88e936f",
      "title": "User",
      "afkTime": -1,
      "badword": 0,
      "afkReason": "",
      "nick": "AUTOBOTZ 1.5",
      "premium": false,
      "limit": 100,
      "totalLimit": 0
    },
    "6289614290401@s.whatsapp.net": {
      "serialNumber": "8820eaf68b17e6a8fbcfc9f1bc8b4f5d",
      "title": "User",
      "afkTime": -1,
      "badword": 0,
      "afkReason": "",
      "nick": "— 𝐑𝐞𝐢𝐤𝐚 𝐌𝐠𝐫",
      "premium": false,
      "limit": 100,
      "totalLimit": 0
    },
    "6287753738429@s.whatsapp.net": {
      "serialNumber": "9e57f0f76302d700093b5cdddfbdc8da",
      "title": "User",
      "afkTime": -1,
      "badword": 0,
      "afkReason": "",
      "nick": "lopee kuu",
      "premium": false,
      "limit": 100,
      "totalLimit": 0
    },
    "6285755557216@s.whatsapp.net": {
      "serialNumber": "6f7797bab7625118ce275bc899343f59",
      "title": "User",
      "afkTime": -1,
      "badword": 0,
      "afkReason": "",
      "nick": "──𝗮𝘆𝗮𝗻𝗮𝗔🤍[GT]𖤐",
      "premium": false,
      "limit": 100,
      "totalLimit": 0
    },
    "6287895239893@s.whatsapp.net": {
      "serialNumber": "7b9fdb9004a684939bafe314971db859",
      "title": "User",
      "afkTime": -1,
      "badword": 0,
      "afkReason": "",
      "nick": "𝑁𝑖𝑧z",
      "premium": false,
      "limit": 100,
      "totalLimit": 0
    },
    "6285824603383@s.whatsapp.net": {
      "serialNumber": "4e59dc4d69981272d1ddeda73d3a0e61",
      "title": "User",
      "afkTime": -1,
      "badword": 0,
      "afkReason": "",
      "nick": "Widia Putri Sad 📍😾",
      "premium": false,
      "limit": 100,
      "totalLimit": 0
    },
    "6281335637787@s.whatsapp.net": {
      "serialNumber": "3ae6e8cd6a55b6782d49c32a562b1558",
      "title": "User",
      "afkTime": -1,
      "badword": 0,
      "afkReason": "",
      "nick": "♡゙my self? Yes",
      "premium": "false",
      "limit": 100,
      "totalLimit": 0
    },
    "6283853280470@s.whatsapp.net": {
      "serialNumber": "cf98ba430da3f7098cbeacd3e8d0079d",
      "title": "User",
      "afkTime": -1,
      "badword": 0,
      "afkReason": "",
      "nick": "˖ ࣪⊹— 𝐊𝐢𝐧𝐚𝐲𝐚'! ִֶָ (ᴊᴇᴋ )",
      "premium": false,
      "limit": 100,
      "totalLimit": 0
    },
    "6288293902274@s.whatsapp.net": {
      "serialNumber": "b88d0cadea25d4f2b984f493a0ebf0da",
      "title": "User",
      "afkTime": -1,
      "badword": 0,
      "afkReason": "",
      "nick": "⏤ 𝕽𝖆𝖆│𝐒𝐆𝐓 𐀔",
      "premium": false,
      "limit": 100,
      "totalLimit": 0
    },
    "6281323990799@s.whatsapp.net": {
      "serialNumber": "79060c7ae590f1f820b21b6279cb26dc",
      "title": "User",
      "afkTime": -1,
      "badword": 0,
      "afkReason": "",
      "nick": "cegilny hali",
      "premium": false,
      "limit": 100,
      "totalLimit": 0
    },
    "6285172103987@s.whatsapp.net": {
      "serialNumber": "772314bab5b5f3041d96b3635d0f43f1",
      "title": "User",
      "afkTime": -1,
      "badword": 0,
      "afkReason": "",
      "nick": "─nizznaruu🎀❗",
      "premium": false,
      "limit": 100,
      "totalLimit": 0
    },
    "6287830259341@s.whatsapp.net": {
      "serialNumber": "951e866197ebffd839265d197153146d",
      "title": "User",
      "afkTime": -1,
      "badword": 0,
      "afkReason": "",
      "nick": "ʚɞ",
      "premium": false,
      "limit": 100,
      "totalLimit": 0
    },
    "6285973885067@s.whatsapp.net": {
      "serialNumber": "1f7495ebaa32c33de17f360636edc196",
      "title": "User",
      "afkTime": -1,
      "badword": 0,
      "afkReason": "",
      "nick": "Bot 265",
      "premium": false,
      "limit": 100,
      "totalLimit": 0
    },
    "62895405411862@s.whatsapp.net": {
      "serialNumber": "a6db3eaf523af23b3ab0efa29b1ca41d",
      "title": "User",
      "afkTime": -1,
      "badword": 0,
      "afkReason": "",
      "nick": "there's no name\n\n￼\n\n\n😁",
      "premium": false,
      "limit": 100,
      "totalLimit": 0
    },
    "6281573157173@s.whatsapp.net": {
      "serialNumber": "be903cd6533ed358448bd2f3f304f5a7",
      "title": "User",
      "afkTime": -1,
      "badword": 0,
      "afkReason": "",
      "nick": "─ hanaa 𖤐",
      "premium": false,
      "limit": 100,
      "totalLimit": 0
    },
    "62882006726752@s.whatsapp.net": {
      "serialNumber": "c513352437d912ad56ed926cd28b1960",
      "title": "User",
      "afkTime": -1,
      "badword": 0,
      "afkReason": "",
      "nick": "hae :0",
      "premium": false,
      "limit": 100,
      "totalLimit": 0
    },
    "6288708594480@s.whatsapp.net": {
      "serialNumber": "6d534ff858c710fb472c81789e3a835e",
      "title": "User",
      "afkTime": -1,
      "badword": 0,
      "afkReason": "",
      "nick": "Нидя 🎀︱𝐒teel𝐆irlsOne 𐀔",
      "premium": false,
      "limit": 100,
      "totalLimit": 0
    },
    "6283159610533@s.whatsapp.net": {
      "serialNumber": "f5b020b554e460fdac82279788595412",
      "title": "User",
      "afkTime": -1,
      "badword": 0,
      "afkReason": "",
      "nick": "—rheaaah🎀│𝐒𝐆𝐓 𐀔",
      "premium": false,
      "limit": 100,
      "totalLimit": 0
    },
    "6287701386443@s.whatsapp.net": {
      "serialNumber": "db757807cf4a6a0d9530609946a471ee",
      "title": "User",
      "afkTime": -1,
      "badword": 0,
      "afkReason": "",
      "nick": "Kenzie ---",
      "premium": false,
      "limit": 100,
      "totalLimit": 0
    },
    "6285709485365@s.whatsapp.net": {
      "serialNumber": "a8dda7d7090dd8f0af7548138650adae",
      "title": "User",
      "afkTime": -1,
      "badword": 0,
      "afkReason": "",
      "nick": "fentimovi@gmail.com",
      "premium": "false",
      "limit": 100,
      "totalLimit": 0
    },
    "6288271259656@s.whatsapp.net": {
      "serialNumber": "88e603641d5199ba29463802bc589900",
      "title": "User",
      "afkTime": -1,
      "badword": 0,
      "afkReason": "",
      "nick": "~ Ra",
      "premium": "false",
      "limit": 100,
      "totalLimit": 0
    },
    "62895385666123@s.whatsapp.net": {
      "serialNumber": "60488f367b3ce613b4889b7fab8aa16f",
      "title": "User",
      "afkTime": -1,
      "badword": 0,
      "afkReason": "",
      "nick": "iaa",
      "premium": false,
      "limit": 100,
      "totalLimit": 0
    },
    "6289601279061@s.whatsapp.net": {
      "serialNumber": "37dbd4153ac145e45fae697d2c487f77",
      "title": "User",
      "afkTime": -1,
      "badword": 0,
      "afkReason": "",
      "nick": "—sYa 🪐",
      "premium": false,
      "limit": 100,
      "totalLimit": 0
    },
    "6285230598734@s.whatsapp.net": {
      "serialNumber": "705c95d9eae6dc4720c2ced0f082a117",
      "title": "User",
      "afkTime": -1,
      "badword": 0,
      "afkReason": "",
      "nick": "⚊ 𝕬𝖗𝖆𝖆┃︱𝐒teel𝐆irlsOne 𐀔",
      "premium": false,
      "limit": 100,
      "totalLimit": 0
    },
    "6285740276244@s.whatsapp.net": {
      "serialNumber": "eea688eb5057427ab4f4eeaca79f4eb7",
      "title": "User",
      "afkTime": -1,
      "badword": 0,
      "afkReason": "",
      "nick": "¿",
      "premium": false,
      "limit": 100,
      "totalLimit": 0
    },
    "6282170858332@s.whatsapp.net": {
      "serialNumber": "ea510eb400c1d5cf63b7cc77e1559cd9",
      "title": "User",
      "afkTime": -1,
      "badword": 0,
      "afkReason": "",
      "nick": ".",
      "premium": false,
      "limit": 100,
      "totalLimit": 0
    },
    "6281905156890@s.whatsapp.net": {
      "serialNumber": "95c289f6afef0987e0aabdd8e9002c6b",
      "title": "User",
      "afkTime": -1,
      "badword": 0,
      "afkReason": "",
      "nick": "ㅤㅤㅤㅤ",
      "premium": false,
      "limit": 100,
      "totalLimit": 0
    },
    "6287761320433@s.whatsapp.net": {
      "serialNumber": "3209371a3d7856063afeb9a2e7e0cb14",
      "title": "User",
      "afkTime": -1,
      "badword": 0,
      "afkReason": "",
      "nick": "elsaa",
      "premium": false,
      "limit": 100,
      "totalLimit": 0
    },
    "6283896213053@s.whatsapp.net": {
      "serialNumber": "d9651c14b0a80258ffac0ab13914f68c",
      "title": "User",
      "afkTime": -1,
      "badword": 0,
      "afkReason": "",
      "nick": "─ Zee│𝐒𝐆𝐓 𐀔",
      "premium": false,
      "limit": 100,
      "totalLimit": 0
    },
    "6285234618180@s.whatsapp.net": {
      "serialNumber": "ea75bbbc9526dc71923fe51a48a09f75",
      "title": "User",
      "afkTime": -1,
      "badword": 0,
      "afkReason": "",
      "nick": "hyy?ziii",
      "premium": "false",
      "limit": 100,
      "totalLimit": 0
    },
    "6281276646710@s.whatsapp.net": {
      "serialNumber": "8477baa623845075d11ba3473e00c107",
      "title": "User",
      "afkTime": -1,
      "badword": 0,
      "afkReason": "",
      "nick": "orng.",
      "premium": false,
      "limit": 100,
      "totalLimit": 0
    },
    "6281931260116@s.whatsapp.net": {
      "serialNumber": "a62b7bc0b8f9d4866d75762bf897229f",
      "title": "User",
      "afkTime": -1,
      "badword": 0,
      "afkReason": "",
      "nick": "~ ~ tired of hoping.",
      "premium": false,
      "limit": 100,
      "totalLimit": 0
    },
    "6281348316230@s.whatsapp.net": {
      "serialNumber": "6b07fadd1239642a52753e0889f5b691",
      "title": "User",
      "afkTime": -1,
      "badword": 0,
      "afkReason": "",
      "nick": "thaa.│𝐒𝐆𝐓 𐀔",
      "premium": false,
      "limit": 100,
      "totalLimit": 0
    },
    "6285950546422@s.whatsapp.net": {
      "serialNumber": "cecf399e68a710477902ba4eaff30124",
      "title": "User",
      "afkTime": -1,
      "badword": 0,
      "afkReason": "",
      "nick": "V",
      "premium": false,
      "limit": 100,
      "totalLimit": 0
    },
    "6282286815913@s.whatsapp.net": {
      "serialNumber": "a3adbd28a2445722ea14ec0103f6a45f",
      "title": "User",
      "afkTime": -1,
      "badword": 0,
      "afkReason": "",
      "nick": "bian",
      "premium": false,
      "limit": 100,
      "totalLimit": 0
    },
    "6282113069479@s.whatsapp.net": {
      "serialNumber": "d2fc6d41a00b85d89b46eba6cc28ca83",
      "title": "User",
      "afkTime": -1,
      "badword": 0,
      "afkReason": "",
      "nick": "IzzX",
      "premium": false,
      "limit": 100,
      "totalLimit": 0
    },
    "6282151022013@s.whatsapp.net": {
      "serialNumber": "f06a0e57eef49bb9e193bf138275564d",
      "title": "User",
      "afkTime": -1,
      "badword": 0,
      "afkReason": "",
      "nick": "Inarashiota",
      "premium": false,
      "limit": 100,
      "totalLimit": 0
    },
    "6285870762351@s.whatsapp.net": {
      "serialNumber": "541b769c764cc92855a1d2bc9443346a",
      "title": "User",
      "afkTime": -1,
      "badword": 0,
      "afkReason": "",
      "nick": "Kecoak Crispy│𝐒𝐆𝐓",
      "premium": false,
      "limit": 100,
      "totalLimit": 0
    },
    "6288295710643@s.whatsapp.net": {
      "serialNumber": "1b6baee0292a53191aa35069597ca39f",
      "title": "User",
      "afkTime": -1,
      "badword": 0,
      "afkReason": "",
      "nick": "Viola",
      "premium": "false",
      "limit": 100,
      "totalLimit": 0
    },
    "6283849349254@s.whatsapp.net": {
      "serialNumber": "2c074c3dc6206c09da1a8be64e53464d",
      "title": "User",
      "afkTime": -1,
      "badword": 0,
      "afkReason": "",
      "nick": "ask",
      "premium": false,
      "limit": 100,
      "totalLimit": 0
    },
    "6285650814832@s.whatsapp.net": {
      "serialNumber": "b42fbc439e81e2926ae7462ecd4efc06",
      "title": "User",
      "afkTime": -1,
      "badword": 0,
      "afkReason": "",
      "nick": "zoey",
      "premium": false,
      "limit": 100,
      "totalLimit": 0
    },
    "6283136093672@s.whatsapp.net": {
      "serialNumber": "3f9a6454bc4e20f8965cfb70988b19d4",
      "title": "User",
      "afkTime": -1,
      "badword": 0,
      "afkReason": "",
      "nick": "ratu kecoa",
      "premium": false,
      "limit": 100,
      "totalLimit": 0
    },
    "62895604364000@s.whatsapp.net": {
      "serialNumber": "258d42084c4bb322939ba84947d43f40",
      "title": "User",
      "afkTime": -1,
      "badword": 0,
      "afkReason": "",
      "nick": "─ Manusia.",
      "premium": false,
      "limit": 100,
      "totalLimit": 0
    },
    "6283108208910@s.whatsapp.net": {
      "serialNumber": "bb59a5f3d1e6399728da98f4075923b2",
      "title": "User",
      "afkTime": -1,
      "badword": 0,
      "afkReason": "",
      "nick": ".",
      "premium": false,
      "limit": 100,
      "totalLimit": 0
    },
    "6289691582040@s.whatsapp.net": {
      "serialNumber": "f3cb6ce20058382b535966360e97c205",
      "title": "User",
      "afkTime": -1,
      "badword": 0,
      "afkReason": "",
      "nick": "━━𝑭𝒆𝒍𝒚 [𝑩𝑮𝑺 𝟐𝑨]",
      "premium": false,
      "limit": 100,
      "totalLimit": 0
    },
    "6285755569018@s.whatsapp.net": {
      "serialNumber": "9d97b76e27ebe12ebe9b428edb260b8a",
      "title": "User",
      "afkTime": -1,
      "badword": 0,
      "afkReason": "",
      "nick": "ya │𝐒𝐆𝐓 𐀔",
      "premium": false,
      "limit": 100,
      "totalLimit": 0
    },
    "6287872680061@s.whatsapp.net": {
      "serialNumber": "84a76b888e206163affe82ad3d2d100d",
      "title": "User",
      "afkTime": -1,
      "badword": 0,
      "afkReason": "",
      "nick": "people?",
      "premium": false,
      "limit": 100,
      "totalLimit": 0
    },
    "6287878077206@s.whatsapp.net": {
      "serialNumber": "04966fc44c94e508ed56d5dbe7ac7110",
      "title": "User",
      "afkTime": -1,
      "badword": 0,
      "afkReason": "",
      "nick": "⚊ 𓏲`𝗍𝗁αׄ ⭑︱𝐒𝐆𝐓𐀔",
      "premium": "false",
      "limit": 100,
      "totalLimit": 0
    }
  },
  "database": {},
  "chats": {
    "120363047626537933@g.us": {
      "badword": false,
      "antiforeignnum": false,
      "antibot": false,
      "antiviewonce": false,
      "antispam": false,
      "antivirtex": false,
      "antimedia": false,
      "antiimage": false,
      "antivideo": false,
      "antiaudio": false,
      "antipoll": false,
      "antisticker": false,
      "antilocation": false,
      "antidocument": false,
      "anticontact": false,
      "antilink": false,
      "antipromotion": false,
      "antilinkgc": false
    },
    "916909137213@s.whatsapp.net": {
      "badword": false,
      "antiforeignnum": false,
      "antibot": false,
      "antiviewonce": false,
      "antispam": false,
      "antivirtex": false,
      "antimedia": false,
      "antiimage": false,
      "antivideo": false,
      "antiaudio": false,
      "antipoll": false,
      "antisticker": false,
      "antilocation": false,
      "antidocument": false,
      "anticontact": false,
      "antilink": false,
      "antipromotion": false,
      "antilinkgc": false
    },
    "6289529333847@s.whatsapp.net": {
      "badword": false,
      "antiforeignnum": false,
      "antibot": false,
      "antiviewonce": false,
      "antispam": false,
      "antivirtex": false,
      "antimedia": false,
      "antiimage": false,
      "antivideo": false,
      "antiaudio": false,
      "antipoll": false,
      "antisticker": false,
      "antilocation": false,
      "antidocument": false,
      "anticontact": false,
      "antilink": false,
      "antipromotion": false,
      "antilinkgc": false
    },
    "919402104403@s.whatsapp.net": {
      "badword": false,
      "antiforeignnum": false,
      "antibot": false,
      "antiviewonce": false,
      "antispam": false,
      "antivirtex": false,
      "antimedia": false,
      "antiimage": false,
      "antivideo": false,
      "antiaudio": false,
      "antipoll": false,
      "antisticker": false,
      "antilocation": false,
      "antidocument": false,
      "anticontact": false,
      "antilink": false,
      "antipromotion": false,
      "antilinkgc": false
    },
    "919485490229@s.whatsapp.net": {
      "badword": false,
      "antiforeignnum": false,
      "antibot": false,
      "antiviewonce": false,
      "antispam": false,
      "antivirtex": false,
      "antimedia": false,
      "antiimage": false,
      "antivideo": false,
      "antiaudio": false,
      "antipoll": false,
      "antisticker": false,
      "antilocation": false,
      "antidocument": false,
      "anticontact": false,
      "antilink": false,
      "antipromotion": false,
      "antilinkgc": false
    },
    "120363295572482886@g.us": {
      "badword": false,
      "antiforeignnum": false,
      "antibot": false,
      "antiviewonce": false,
      "antispam": false,
      "antivirtex": false,
      "antimedia": false,
      "antiimage": false,
      "antivideo": false,
      "antiaudio": false,
      "antipoll": false,
      "antisticker": false,
      "antilocation": false,
      "antidocument": false,
      "anticontact": false,
      "antilink": false,
      "antipromotion": false,
      "antilinkgc": false
    },
    "919485022101-1394364444@g.us": {
      "badword": false,
      "antiforeignnum": false,
      "antibot": false,
      "antiviewonce": false,
      "antispam": false,
      "antivirtex": false,
      "antimedia": false,
      "antiimage": false,
      "antivideo": false,
      "antiaudio": false,
      "antipoll": false,
      "antisticker": false,
      "antilocation": false,
      "antidocument": false,
      "anticontact": false,
      "antilink": false,
      "antipromotion": false,
      "antilinkgc": false
    },
    "status@broadcast": {
      "badword": false,
      "antiforeignnum": false,
      "antibot": false,
      "antiviewonce": false,
      "antispam": false,
      "antivirtex": false,
      "antimedia": false,
      "antiimage": false,
      "antivideo": false,
      "antiaudio": false,
      "antipoll": false,
      "antisticker": false,
      "antilocation": false,
      "antidocument": false,
      "anticontact": false,
      "antilink": false,
      "antipromotion": false,
      "antilinkgc": false
    },
    "919366316018@s.whatsapp.net": {
      "badword": false,
      "antiforeignnum": false,
      "antibot": false,
      "antiviewonce": false,
      "antispam": false,
      "antivirtex": false,
      "antimedia": false,
      "antiimage": false,
      "antivideo": false,
      "antiaudio": false,
      "antipoll": false,
      "antisticker": false,
      "antilocation": false,
      "antidocument": false,
      "anticontact": false,
      "antilink": false,
      "antipromotion": false,
      "antilinkgc": false
    },
    "6283198768866@s.whatsapp.net": {
      "badword": false,
      "antiforeignnum": false,
      "antibot": false,
      "antiviewonce": false,
      "antispam": false,
      "antivirtex": false,
      "antimedia": false,
      "antiimage": false,
      "antivideo": false,
      "antiaudio": false,
      "antipoll": false,
      "antisticker": false,
      "antilocation": false,
      "antidocument": false,
      "anticontact": false,
      "antilink": false,
      "antipromotion": false,
      "antilinkgc": false
    },
    "120363028360534244@g.us": {
      "badword": false,
      "antiforeignnum": false,
      "antibot": false,
      "antiviewonce": false,
      "antispam": false,
      "antivirtex": false,
      "antimedia": false,
      "antiimage": false,
      "antivideo": false,
      "antiaudio": false,
      "antipoll": false,
      "antisticker": false,
      "antilocation": false,
      "antidocument": false,
      "anticontact": false,
      "antilink": false,
      "antipromotion": false,
      "antilinkgc": false
    },
    "120363231947474414@g.us": {
      "badword": false,
      "antiforeignnum": false,
      "antibot": false,
      "antiviewonce": false,
      "antispam": false,
      "antivirtex": false,
      "antimedia": false,
      "antiimage": false,
      "antivideo": false,
      "antiaudio": false,
      "antipoll": false,
      "antisticker": false,
      "antilocation": false,
      "antidocument": false,
      "anticontact": false,
      "antilink": false,
      "antipromotion": false,
      "antilinkgc": false
    },
    "6283101191009@s.whatsapp.net": {
      "badword": false,
      "antiforeignnum": false,
      "antibot": false,
      "antiviewonce": false,
      "antispam": false,
      "antivirtex": false,
      "antimedia": false,
      "antiimage": false,
      "antivideo": false,
      "antiaudio": false,
      "antipoll": false,
      "antisticker": false,
      "antilocation": false,
      "antidocument": false,
      "anticontact": false,
      "antilink": false,
      "antipromotion": false,
      "antilinkgc": false
    },
    "6285813708397@s.whatsapp.net": {
      "badword": false,
      "antiforeignnum": false,
      "antibot": false,
      "antiviewonce": false,
      "antispam": false,
      "antivirtex": false,
      "antimedia": false,
      "antiimage": false,
      "antivideo": false,
      "antiaudio": false,
      "antipoll": false,
      "antisticker": false,
      "antilocation": false,
      "antidocument": false,
      "anticontact": false,
      "antilink": false,
      "antipromotion": false,
      "antilinkgc": false
    },
    "62882008756433@s.whatsapp.net": {
      "badword": false,
      "antiforeignnum": false,
      "antibot": false,
      "antiviewonce": false,
      "antispam": false,
      "antivirtex": false,
      "antimedia": false,
      "antiimage": false,
      "antivideo": false,
      "antiaudio": false,
      "antipoll": false,
      "antisticker": false,
      "antilocation": false,
      "antidocument": false,
      "anticontact": false,
      "antilink": false,
      "antipromotion": false,
      "antilinkgc": false
    },
    "120363284255904853@g.us": {
      "badword": false,
      "antiforeignnum": false,
      "antibot": false,
      "antiviewonce": false,
      "antispam": false,
      "antivirtex": false,
      "antimedia": false,
      "antiimage": false,
      "antivideo": false,
      "antiaudio": false,
      "antipoll": false,
      "antisticker": false,
      "antilocation": false,
      "antidocument": false,
      "anticontact": false,
      "antilink": false,
      "antipromotion": false,
      "antilinkgc": false
    },
    "120363223073447796@g.us": {
      "badword": false,
      "antiforeignnum": false,
      "antibot": false,
      "antiviewonce": false,
      "antispam": false,
      "antivirtex": false,
      "antimedia": false,
      "antiimage": false,
      "antivideo": false,
      "antiaudio": false,
      "antipoll": false,
      "antisticker": false,
      "antilocation": false,
      "antidocument": false,
      "anticontact": false,
      "antilink": false,
      "antipromotion": false,
      "antilinkgc": false
    },
    "120363191505369182@g.us": {
      "badword": false,
      "antiforeignnum": false,
      "antibot": false,
      "antiviewonce": false,
      "antispam": false,
      "antivirtex": false,
      "antimedia": false,
      "antiimage": false,
      "antivideo": false,
      "antiaudio": false,
      "antipoll": false,
      "antisticker": false,
      "antilocation": false,
      "antidocument": false,
      "anticontact": false,
      "antilink": false,
      "antipromotion": false,
      "antilinkgc": false
    },
    "6285740276244@s.whatsapp.net": {
      "badword": false,
      "antiforeignnum": false,
      "antibot": false,
      "antiviewonce": false,
      "antispam": false,
      "antivirtex": false,
      "antimedia": false,
      "antiimage": false,
      "antivideo": false,
      "antiaudio": false,
      "antipoll": false,
      "antisticker": false,
      "antilocation": false,
      "antidocument": false,
      "anticontact": false,
      "antilink": false,
      "antipromotion": false,
      "antilinkgc": false
    },
    "120363299824072425@g.us": {
      "badword": false,
      "antiforeignnum": false,
      "antibot": false,
      "antiviewonce": false,
      "antispam": false,
      "antivirtex": false,
      "antimedia": false,
      "antiimage": false,
      "antivideo": false,
      "antiaudio": false,
      "antipoll": false,
      "antisticker": false,
      "antilocation": false,
      "antidocument": false,
      "anticontact": false,
      "antilink": false,
      "antipromotion": false,
      "antilinkgc": false
    },
    "6285950546422@s.whatsapp.net": {
      "badword": false,
      "antiforeignnum": false,
      "antibot": false,
      "antiviewonce": false,
      "antispam": false,
      "antivirtex": false,
      "antimedia": false,
      "antiimage": false,
      "antivideo": false,
      "antiaudio": false,
      "antipoll": false,
      "antisticker": false,
      "antilocation": false,
      "antidocument": false,
      "anticontact": false,
      "antilink": false,
      "antipromotion": false,
      "antilinkgc": false
    },
    "6282113069479@s.whatsapp.net": {
      "badword": false,
      "antiforeignnum": false,
      "antibot": false,
      "antiviewonce": false,
      "antispam": false,
      "antivirtex": false,
      "antimedia": false,
      "antiimage": false,
      "antivideo": false,
      "antiaudio": false,
      "antipoll": false,
      "antisticker": false,
      "antilocation": false,
      "antidocument": false,
      "anticontact": false,
      "antilink": false,
      "antipromotion": false,
      "antilinkgc": false
    }
  },
  "game": {
    "math": []
  },
  "settings": {
    "919366316018@s.whatsapp.net": {
      "totalhit": 250,
      "totalError": 0,
      "online": false,
      "autosticker": false,
      "autodownload": false,
      "autobio": false,
      "autoread": false,
      "autoblocknum": false,
      "onlyindia": false,
      "onlyindo": false,
      "onlygrub": false,
      "onlypc": false,
      "autorecordtype": false,
      "autorecord": false,
      "autotype": false,
      "watermark": {
        "packname": "Sticker By",
        "author": "🦄드림 가이 Xeon\n\n+916909137213"
      },
      "about": {
        "bot": {
          "nick": "Hui",
          "alias": "Cheems Bot MD V12"
        },
        "owner": {
          "nick": "+91 69091 37213",
          "alias": "916909137213"
        }
      }
    },
    "916909137213@s.whatsapp.net": {
      "totalhit": 11,
      "totalError": 0,
      "online": false,
      "autosticker": false,
      "autodownload": false,
      "autobio": false,
      "autoread": false,
      "autoblocknum": false,
      "onlyindia": false,
      "onlyindo": false,
      "onlygrub": false,
      "onlypc": false,
      "autorecordtype": false,
      "autorecord": false,
      "autotype": false,
      "watermark": {
        "packname": "Sticker By",
        "author": "🦄드림 가이 Xeon\n\n+916909137213"
      },
      "about": {
        "bot": {
          "nick": "+91 69091 37213",
          "alias": "Cheems Bot MD V12"
        },
        "owner": {
          "nick": "+91 69091 37213",
          "alias": "916909137213"
        }
      }
    },
    "919402104403@s.whatsapp.net": {
      "totalhit": 28,
      "totalError": 0,
      "online": false,
      "autosticker": false,
      "autodownload": false,
      "autobio": false,
      "autoread": false,
      "autoblocknum": false,
      "onlyindia": false,
      "onlyindo": false,
      "onlygrub": false,
      "onlypc": false,
      "autorecordtype": false,
      "autorecord": false,
      "autotype": false,
      "watermark": {
        "packname": "Sticker By",
        "author": "🦄드림 가이 Xeon\n\n+916909137213"
      },
      "about": {
        "bot": {
          "nick": "+91 94021 04403",
          "alias": "Cheems Bot MD V13"
        },
        "owner": {
          "nick": "Xeon Bot User",
          "alias": "916909137213"
        }
      }
    },
    "919485490229@s.whatsapp.net": {
      "totalhit": 573,
      "totalError": 0,
      "online": false,
      "autosticker": false,
      "autodownload": false,
      "autobio": false,
      "autoread": false,
      "autoblocknum": false,
      "onlyindia": false,
      "onlyindo": false,
      "onlygrub": false,
      "onlypc": false,
      "autorecordtype": false,
      "autorecord": false,
      "autotype": false,
      "watermark": {
        "packname": "Sticker By",
        "author": "🦄드림 가이 Xeon\n\n+916909137213"
      },
      "about": {
        "bot": {
          "nick": "+91 94854 90229",
          "alias": "Cheems Bot MD V13"
        },
        "owner": {
          "nick": "Xeon Bot User",
          "alias": "916909137213"
        }
      }
    },
    "6283198768866@s.whatsapp.net": {
      "totalhit": 16,
      "totalError": 0,
      "online": false,
      "autosticker": false,
      "autodownload": false,
      "autobio": false,
      "autoread": false,
      "autoblocknum": false,
      "onlyindia": false,
      "onlyindo": false,
      "onlygrub": false,
      "onlypc": false,
      "autorecordtype": false,
      "autorecord": false,
      "autotype": false,
      "watermark": {
        "packname": "Sticker By",
        "author": "🦄드림 가이 Lorenzo\n\n+6283847736969"
      },
      "about": {
        "bot": {
          "nick": "const Lorenzo = require('Lorenzxz')",
          "alias": "Lorenzo"
        },
        "owner": {
          "nick": "+62 838-2553-6262",
          "alias": "6283825536262"
        }
      }
    },
    "62882008756433@s.whatsapp.net": {
      "totalhit": 429,
      "totalError": 0,
      "online": false,
      "autosticker": false,
      "autodownload": false,
      "autobio": true,
      "autoread": false,
      "autoblocknum": false,
      "onlyindia": false,
      "onlyindo": false,
      "onlygrub": false,
      "onlypc": false,
      "autorecordtype": false,
      "autorecord": false,
      "autotype": false,
      "watermark": {
        "packname": "Sticker By Fall",
        "author": "FallZx-Features"
      },
      "about": {
        "bot": {
          "nick": "Oline Manuel",
          "alias": "𝑯𝒂𝒌𝒂𝒓𝒊𝑴𝒅𝒛"
        },
        "owner": {
          "nick": "let Name = 'FallZx', console.log = {  ('nama saya adalah ${Name}')}",
          "alias": "6285813708397"
        }
      }
    }
  },
  "message": {},
  "sticker": {},
  "others": {
    "vote": []
  }
}